role,function,fetch path,method,headers,body,backend app.js,routes,controller,middleware,services,db query,example response
Auth,login,${API_BASE}/auth/login,POST,"{ ""Content-Type"": ""application/json"" }","{""email"":""admin@tcs.com"",""password"":""password123""}","app.use(""/auth"", authRoutes);","routes/auth.routes.js -> router.post(""/login"", ...)",controllers/auth.controller.js -> login(),none,services/auth.service.js -> login(),"SELECT id, company_id, email, first_name, last_name, role, password_hash, is_active, last_login_at FROM users WHERE email = ? LIMIT 1","{""message"":""Login successful"",""token"":""<jwt>"",""role"":""HR""}"
Auth,logout,${API_BASE}/auth/logout,POST,"{ ""Content-Type"": ""application/json"" }",{},"app.use(""/auth"", authRoutes);","routes/auth.routes.js -> router.post(""/logout"", ...)",controllers/auth.controller.js -> logout(),none,services/auth.service.js -> revokeRefreshToken(),UPDATE refresh_tokens SET is_revoked = true WHERE token = ?,"{""message"":""Logged out successfully""}"
Auth,profile,${API_BASE}/auth/profile,GET,"{ ""Authorization"": ""Bearer <token>"" }",-,"app.use(""/auth"", authRoutes);","routes/auth.routes.js -> router.get(""/profile"", ...)",controllers/auth.controller.js -> profile(),verifyToken,services/auth.service.js -> getProfile(),"SELECT id, company_id, email, first_name, last_name, role, is_active, last_login_at, created_at, updated_at FROM users WHERE id = ? LIMIT 1","{""profile"":{""id"":2,""email"":""hr@tcs.com"",""role"":""HR""}}"
Auth,refreshToken,${API_BASE}/auth/refresh,POST,"{ ""Content-Type"": ""application/json"" }",{},"app.use(""/auth"", authRoutes);","routes/auth.routes.js -> router.post(""/refresh"", ...)",controllers/auth.controller.js -> refreshToken(),none,services/auth.service.js -> refreshAccessToken(),"SELECT id, expires_at FROM refresh_tokens WHERE token = ? AND user_id = ? AND is_revoked = false LIMIT 1 FOR UPDATE","{""message"":""Token refreshed"",""token"":""<jwt>"",""role"":""HR""}"
Candidate,applyForJob,${API_BASE}/candidate/applications,POST,"{ ""Authorization"": ""Bearer <token>"", ""Content-Type"": ""application/json"" }","{""job_id"":1}","app.use(""/candidate"", candidateRoutes);","routes/candidate.routes.js -> router.post(""/applications"", ...)",controllers/candidate.controller.js -> applyForJob(),"verifyToken, checkRole(""Candidate"")",services/candidate.service.js -> applyForJob(),"INSERT INTO applications (job_id, candidate_id, status, applied_at, created_at, updated_at) VALUES (?, ?, 'applied', NOW(), NOW(), NOW())","{""id"":123}"
Candidate,listJobs,${API_BASE}/candidate/jobs,GET,"{ ""Authorization"": ""Bearer <token>"" }",-,"app.use(""/candidate"", candidateRoutes);","routes/candidate.routes.js -> router.get(""/jobs"", ...)",controllers/candidate.controller.js -> listJobs(),"verifyToken, checkRole(""Candidate"")",services/candidate.service.js -> listJobs(),"SELECT j.id, j.title, j.description, j.location, j.employment_type, j.status, j.positions_count, j.created_at, c.name AS company_name FROM job_requisitions j JOIN companies c ON j.company_id = c.id ${whereSql} ORDER BY j.created_at DESC","[{""id"":1,""title"":""Senior Java Developer"",""status"":""published"",""company_name"":""TCS Limited""}]"
Candidate,getJobById,${API_BASE}/candidate/jobs/:id,GET,"{ ""Authorization"": ""Bearer <token>"" }",-,"app.use(""/candidate"", candidateRoutes);","routes/candidate.routes.js -> router.get(""/jobs/:id"", ...)",controllers/candidate.controller.js -> getJobById(),"verifyToken, checkRole(""Candidate"")",services/candidate.service.js -> getJobById(),"SELECT j.*, c.name AS company_name, u.first_name AS creator_first, u.last_name AS creator_last FROM job_requisitions j JOIN companies c ON j.company_id = c.id JOIN users u ON j.created_by = u.id WHERE j.id = ? LIMIT 1","{""id"":1,""title"":""Senior Java Developer"",""status"":""published"",""company_name"":""TCS Limited""}"
Candidate,getCandidateProfile,${API_BASE}/candidate/me/profile,GET,"{ ""Authorization"": ""Bearer <token>"" }",-,"app.use(""/candidate"", candidateRoutes);","routes/candidate.routes.js -> router.get(""/me/profile"", ...)",controllers/candidate.controller.js -> getCandidateProfile(),"verifyToken, checkRole(""Candidate"")",services/candidate.service.js -> getCandidateProfile(),"SELECT cp.user_id, u.first_name, u.last_name, u.email, cp.phone, cp.address, cp.resume_url, cp.profile_data, cp.is_verified, cp.updated_at FROM candidate_profiles cp JOIN users u ON cp.user_id = u.id WHERE cp.user_id = ? LIMIT 1","{""user_id"":13,""first_name"":""Rahul"",""last_name"":""Sharma"",""email"":""rahul.sharma@example.com"",""resume_url"":""https://...""}"
Candidate,updateCandidateProfile,${API_BASE}/candidate/me/profile,PUT,"{ ""Authorization"": ""Bearer <token>"", ""Content-Type"": ""application/json"" }",{},"app.use(""/candidate"", candidateRoutes);","routes/candidate.routes.js -> router.put(""/me/profile"", ...)",controllers/candidate.controller.js -> updateCandidateProfile(),"verifyToken, checkRole(""Candidate"")",services/candidate.service.js -> updateCandidateProfile(),"UPDATE candidate_profiles SET phone = ?, address = ?, profile_data = ?, updated_at = NOW() WHERE user_id = ?","{""message"":""Success""}"
Candidate,uploadResume,${API_BASE}/candidate/me/resume,POST,"{ ""Authorization"": ""Bearer <token>"", ""Content-Type"": ""application/json"" }",{},"app.use(""/candidate"", candidateRoutes);","routes/candidate.routes.js -> router.post(""/me/resume"", ...)",controllers/candidate.controller.js -> uploadResume(),"verifyToken, checkRole(""Candidate"")",services/candidate.service.js -> uploadResume(),"UPDATE candidate_profiles SET resume_url = ?, updated_at = NOW() WHERE user_id = ?","{""id"":123}"
Candidate,listMyApplications,${API_BASE}/candidate/my-applications,GET,"{ ""Authorization"": ""Bearer <token>"" }",-,"app.use(""/candidate"", candidateRoutes);","routes/candidate.routes.js -> router.get(""/my-applications"", ...)",controllers/candidate.controller.js -> listMyApplications(),"verifyToken, checkRole(""Candidate"")",services/candidate.service.js -> listApplicationsByCandidate(),"SELECT a.*, j.title, j.company_id, c.name AS company_name FROM applications a JOIN job_requisitions j ON a.job_id = j.id JOIN companies c ON j.company_id = c.id WHERE a.candidate_id = ? ORDER BY a.applied_at DESC","[{""id"":1,""job_id"":1,""status"":""applied"",""title"":""Senior Java Developer""}]"
Candidate,getOffers,${API_BASE}/candidate/offers,GET,"{ ""Authorization"": ""Bearer <token>"" }",-,"app.use(""/candidate"", candidateRoutes);","routes/candidate.routes.js -> router.get(""/offers"", ...)",controllers/candidate.controller.js -> getOffers(),"verifyToken, checkRole(""Candidate"")",services/candidate.service.js -> getOffersByApplication(),SELECT * FROM offers WHERE application_id = ? ORDER BY created_at DESC,"[{""id"":1,""application_id"":7,""status"":""sent""}]"
Candidate,acceptOffer,${API_BASE}/candidate/offers/:id/accept,POST,"{ ""Authorization"": ""Bearer <token>"", ""Content-Type"": ""application/json"" }",{},"app.use(""/candidate"", candidateRoutes);","routes/candidate.routes.js -> router.post(""/offers/:id/accept"", ...)",controllers/candidate.controller.js -> acceptOffer(),"verifyToken, checkRole(""Candidate"")",services/candidate.service.js -> acceptOffer(),SELECT application_id FROM offers WHERE id = ? LIMIT 1,"{""id"":123}"
Candidate,declineOffer,${API_BASE}/candidate/offers/:id/decline,POST,"{ ""Authorization"": ""Bearer <token>"", ""Content-Type"": ""application/json"" }",{},"app.use(""/candidate"", candidateRoutes);","routes/candidate.routes.js -> router.post(""/offers/:id/decline"", ...)",controllers/candidate.controller.js -> declineOffer(),"verifyToken, checkRole(""Candidate"")",services/candidate.service.js -> declineOffer(),SELECT application_id FROM offers WHERE id = ? LIMIT 1,"{""id"":123}"
Candidate,getMyProfile,${API_BASE}/candidate/profile,GET,"{ ""Authorization"": ""Bearer <token>"" }",-,"app.use(""/candidate"", candidateRoutes);","routes/candidate.routes.js -> router.get(""/profile"", ...)",controllers/candidate.controller.js -> getMyProfile(),"verifyToken, checkRole(""Candidate"")",services/candidate.service.js -> getMyProfile(),,"{""id"":2,""email"":""hr@tcs.com"",""first_name"":""Priya"",""last_name"":""Verma"",""role"":""HR""}"
Candidate,updateMyProfile,${API_BASE}/candidate/profile,PUT,"{ ""Authorization"": ""Bearer <token>"", ""Content-Type"": ""application/json"" }","{""first_name"":""John"",""last_name"":""Doe"",""email"":""john.doe@example.com""}","app.use(""/candidate"", candidateRoutes);","routes/candidate.routes.js -> router.put(""/profile"", ...)",controllers/candidate.controller.js -> updateMyProfile(),"verifyToken, checkRole(""Candidate"")",services/candidate.service.js -> updateMyProfile(),"UPDATE users SET first_name = ?, last_name = ?, email = ?, updated_at = NOW() WHERE id = ?","{""message"":""Success""}"
Candidate,unsaveJob,${API_BASE}/candidate/saved-jobs,DELETE,"{ ""Authorization"": ""Bearer <token>"", ""Content-Type"": ""application/json"" }","{""job_id"":1}","app.use(""/candidate"", candidateRoutes);","routes/candidate.routes.js -> router.delete(""/saved-jobs"", ...)",controllers/candidate.controller.js -> unsaveJob(),"verifyToken, checkRole(""Candidate"")",services/candidate.service.js -> unsaveJob(),DELETE FROM saved_jobs WHERE candidate_id = ? AND job_id = ?,"{""message"":""Success""}"
Candidate,listSavedJobs,${API_BASE}/candidate/saved-jobs,GET,"{ ""Authorization"": ""Bearer <token>"" }",-,"app.use(""/candidate"", candidateRoutes);","routes/candidate.routes.js -> router.get(""/saved-jobs"", ...)",controllers/candidate.controller.js -> listSavedJobs(),"verifyToken, checkRole(""Candidate"")",services/candidate.service.js -> listSavedJobs(),"SELECT j.*, c.name AS company_name FROM saved_jobs sj JOIN job_requisitions j ON sj.job_id = j.id JOIN companies c ON j.company_id = c.id WHERE sj.candidate_id = ? ORDER BY sj.saved_at DESC","[{""id"":4,""title"":""Business Analyst"",""company_name"":""Infosys Private Ltd""}]"
Candidate,saveJob,${API_BASE}/candidate/saved-jobs,POST,"{ ""Authorization"": ""Bearer <token>"", ""Content-Type"": ""application/json"" }","{""job_id"":1}","app.use(""/candidate"", candidateRoutes);","routes/candidate.routes.js -> router.post(""/saved-jobs"", ...)",controllers/candidate.controller.js -> saveJob(),"verifyToken, checkRole(""Candidate"")",services/candidate.service.js -> saveJob(),"INSERT INTO saved_jobs (candidate_id, job_id, saved_at) VALUES (?, ?, NOW())","{""id"":123}"
Candidate,verifyEmail,${API_BASE}/candidate/verify-email,GET,{},-,"app.use(""/candidate"", candidateRoutes);","routes/candidate.routes.js -> router.get(""/verify-email"", ...)",controllers/candidate.controller.js -> verifyEmail(),none,services/candidate.service.js -> verifyCandidateEmail(),"UPDATE candidate_profiles SET is_verified = 1, updated_at = NOW() WHERE user_id = ?","{""message"":""Success""}"
CompanyAdmin,listApplications,${API_BASE}/company-admin/applications,GET,"{ ""Authorization"": ""Bearer <token>"" }",-,"app.use(""/company-admin"", companyAdminRoutes);","routes/companyAdmin.routes.js -> router.get(""/applications"", ...)",controllers/companyAdmin.controller.js -> listApplications(),"verifyToken, checkRole(""CompanyAdmin"")",services/companyAdmin.service.js -> listApplicationsForJob(),"SELECT a.*, u.first_name, u.last_name, u.email, cp.resume_url FROM applications a JOIN users u ON a.candidate_id = u.id LEFT JOIN candidate_profiles cp ON u.id = cp.user_id WHERE a.job_id = ? ORDER BY a.applied_at DESC","[{""id"":1,""job_id"":1,""candidate_id"":13,""status"":""applied""}]"
CompanyAdmin,finalDecision,${API_BASE}/company-admin/applications/:id/final-decision,POST,"{ ""Authorization"": ""Bearer <token>"", ""Content-Type"": ""application/json"" }","{""status"":""selected""}","app.use(""/company-admin"", companyAdminRoutes);","routes/companyAdmin.routes.js -> router.post(""/applications/:id/final-decision"", ...)",controllers/companyAdmin.controller.js -> finalDecision(),"verifyToken, checkRole(""CompanyAdmin"")",services/companyAdmin.service.js -> finalDecision(),"UPDATE applications SET status = ?, final_decision_at = NOW(), updated_at = NOW() WHERE id = ?","{""id"":123}"
CompanyAdmin,moveApplicationStage,${API_BASE}/company-admin/applications/:id/move-stage,PUT,"{ ""Authorization"": ""Bearer <token>"", ""Content-Type"": ""application/json"" }","{""status"":""interview"",""current_stage_id"":2}","app.use(""/company-admin"", companyAdminRoutes);","routes/companyAdmin.routes.js -> router.put(""/applications/:id/move-stage"", ...)",controllers/companyAdmin.controller.js -> moveApplicationStage(),"verifyToken, checkRole(""CompanyAdmin"")",services/companyAdmin.service.js -> moveApplicationStage(),"UPDATE applications SET status = ?, current_stage_id = ?, updated_at = NOW() WHERE id = ?","{""message"":""Success""}"
CompanyAdmin,recommendOffer,${API_BASE}/company-admin/applications/:id/recommend-offer,POST,"{ ""Authorization"": ""Bearer <token>"", ""Content-Type"": ""application/json"" }",{},"app.use(""/company-admin"", companyAdminRoutes);","routes/companyAdmin.routes.js -> router.post(""/applications/:id/recommend-offer"", ...)",controllers/companyAdmin.controller.js -> recommendOffer(),"verifyToken, checkRole(""CompanyAdmin"")",services/companyAdmin.service.js -> recommendOffer(),"UPDATE applications SET offer_recommended = 1, updated_at = NOW() WHERE id = ?","{""id"":123}"
CompanyAdmin,screenDecision,${API_BASE}/company-admin/applications/:id/screen,POST,"{ ""Authorization"": ""Bearer <token>"", ""Content-Type"": ""application/json"" }","{""status"":""interview""}","app.use(""/company-admin"", companyAdminRoutes);","routes/companyAdmin.routes.js -> router.post(""/applications/:id/screen"", ...)",controllers/companyAdmin.controller.js -> screenDecision(),"verifyToken, checkRole(""CompanyAdmin"")",services/companyAdmin.service.js -> screenDecision(),"UPDATE applications SET status = ?, screening_decision_at = NOW(), updated_at = NOW() WHERE id = ?","{""id"":123}"
CompanyAdmin,applicationStats,${API_BASE}/company-admin/applications/stats,GET,"{ ""Authorization"": ""Bearer <token>"" }",-,"app.use(""/company-admin"", companyAdminRoutes);","routes/companyAdmin.routes.js -> router.get(""/applications/stats"", ...)",controllers/companyAdmin.controller.js -> applicationStats(),"verifyToken, checkRole(""CompanyAdmin"")",services/companyAdmin.service.js -> applicationStats(),"SELECT status, COUNT(*) AS count FROM applications WHERE job_id = ? GROUP BY status","[{""status"":""applied"",""count"":10},{""status"":""interview"",""count"":3}]"
CompanyAdmin,listJobs,${API_BASE}/company-admin/jobs,GET,"{ ""Authorization"": ""Bearer <token>"" }",-,"app.use(""/company-admin"", companyAdminRoutes);","routes/companyAdmin.routes.js -> router.get(""/jobs"", ...)",controllers/companyAdmin.controller.js -> listJobs(),"verifyToken, checkRole(""CompanyAdmin"")",services/companyAdmin.service.js -> listJobs(),"SELECT j.id, j.title, j.description, j.location, j.employment_type, j.status, j.positions_count, j.created_at, c.name AS company_name FROM job_requisitions j JOIN companies c ON j.company_id = c.id ${whereSql} ORDER BY j.created_at DESC","[{""id"":1,""title"":""Senior Java Developer"",""status"":""published"",""company_name"":""TCS Limited""}]"
CompanyAdmin,createJobDraft,${API_BASE}/company-admin/jobs,POST,"{ ""Authorization"": ""Bearer <token>"", ""Content-Type"": ""application/json"" }","{""company_id"":1,""created_by"":2,""title"":""Backend Developer"",""description"":""Node.js"",""requirements"":""3+ years"",""location"":""Hyderabad"",""employment_type"":""Full-time"",""positions_count"":2}","app.use(""/company-admin"", companyAdminRoutes);","routes/companyAdmin.routes.js -> router.post(""/jobs"", ...)",controllers/companyAdmin.controller.js -> createJobDraft(),"verifyToken, checkRole(""CompanyAdmin"")",services/companyAdmin.service.js -> createJobDraft(),"INSERT INTO job_requisitions (company_id, created_by, title, description, requirements, location, employment_type, status, positions_count, created_at, updated_at) VALUES (?, ?, ?, ?, ?, ?, ?, 'draft', ?, NOW(), NOW())","{""id"":123}"
CompanyAdmin,getJobById,${API_BASE}/company-admin/jobs/:id,GET,"{ ""Authorization"": ""Bearer <token>"" }",-,"app.use(""/company-admin"", companyAdminRoutes);","routes/companyAdmin.routes.js -> router.get(""/jobs/:id"", ...)",controllers/companyAdmin.controller.js -> getJobById(),"verifyToken, checkRole(""CompanyAdmin"")",services/companyAdmin.service.js -> getJobById(),"SELECT j.*, c.name AS company_name, u.first_name AS creator_first, u.last_name AS creator_last FROM job_requisitions j JOIN companies c ON j.company_id = c.id JOIN users u ON j.created_by = u.id WHERE j.id = ? LIMIT 1","{""id"":1,""title"":""Senior Java Developer"",""status"":""published"",""company_name"":""TCS Limited""}"
CompanyAdmin,updateJob,${API_BASE}/company-admin/jobs/:id,PUT,"{ ""Authorization"": ""Bearer <token>"", ""Content-Type"": ""application/json"" }","{""title"":""Senior Backend Developer"",""description"":""Node.js + SQL"",""requirements"":""5+ years"",""location"":""Hyderabad"",""employment_type"":""Full-time"",""positions_count"":2}","app.use(""/company-admin"", companyAdminRoutes);","routes/companyAdmin.routes.js -> router.put(""/jobs/:id"", ...)",controllers/companyAdmin.controller.js -> updateJob(),"verifyToken, checkRole(""CompanyAdmin"")",services/companyAdmin.service.js -> updateJob(),"UPDATE job_requisitions SET title = ?, description = ?, requirements = ?, location = ?, employment_type = ?, positions_count = ?, updated_at = NOW() WHERE id = ? AND status IN ('draft', 'pending')","{""message"":""Success""}"
CompanyAdmin,closeJob,${API_BASE}/company-admin/jobs/:id/close,POST,"{ ""Authorization"": ""Bearer <token>"", ""Content-Type"": ""application/json"" }",{},"app.use(""/company-admin"", companyAdminRoutes);","routes/companyAdmin.routes.js -> router.post(""/jobs/:id/close"", ...)",controllers/companyAdmin.controller.js -> closeJob(),"verifyToken, checkRole(""CompanyAdmin"")",services/companyAdmin.service.js -> closeJob(),"UPDATE job_requisitions SET status = 'closed', closed_at = NOW(), updated_at = NOW() WHERE id = ?","{""id"":123}"
CompanyAdmin,publishJob,${API_BASE}/company-admin/jobs/:id/publish,POST,"{ ""Authorization"": ""Bearer <token>"", ""Content-Type"": ""application/json"" }",{},"app.use(""/company-admin"", companyAdminRoutes);","routes/companyAdmin.routes.js -> router.post(""/jobs/:id/publish"", ...)",controllers/companyAdmin.controller.js -> publishJob(),"verifyToken, checkRole(""CompanyAdmin"")",services/companyAdmin.service.js -> publishJob(),"UPDATE job_requisitions SET status = 'published', published_at = NOW(), updated_at = NOW() WHERE id = ?","{""id"":123}"
CompanyAdmin,submitJob,${API_BASE}/company-admin/jobs/:id/submit,POST,"{ ""Authorization"": ""Bearer <token>"", ""Content-Type"": ""application/json"" }","{""approver_id"":3}","app.use(""/company-admin"", companyAdminRoutes);","routes/companyAdmin.routes.js -> router.post(""/jobs/:id/submit"", ...)",controllers/companyAdmin.controller.js -> submitJob(),"verifyToken, checkRole(""CompanyAdmin"")",services/companyAdmin.service.js -> submitJob(),"UPDATE job_requisitions SET status = 'pending', updated_at = NOW() WHERE id = ?","{""id"":123}"
CompanyAdmin,getOffers,${API_BASE}/company-admin/offers,GET,"{ ""Authorization"": ""Bearer <token>"" }",-,"app.use(""/company-admin"", companyAdminRoutes);","routes/companyAdmin.routes.js -> router.get(""/offers"", ...)",controllers/companyAdmin.controller.js -> getOffers(),"verifyToken, checkRole(""CompanyAdmin"")",services/companyAdmin.service.js -> getOffersByApplication(),SELECT * FROM offers WHERE application_id = ? ORDER BY created_at DESC,"[{""id"":1,""application_id"":7,""status"":""sent""}]"
CompanyAdmin,createOfferDraft,${API_BASE}/company-admin/offers,POST,"{ ""Authorization"": ""Bearer <token>"", ""Content-Type"": ""application/json"" }","{""application_id"":7,""created_by"":2,""offer_details"":{""ctc"":""20LPA""}}","app.use(""/company-admin"", companyAdminRoutes);","routes/companyAdmin.routes.js -> router.post(""/offers"", ...)",controllers/companyAdmin.controller.js -> createOfferDraft(),"verifyToken, checkRole(""CompanyAdmin"")",services/companyAdmin.service.js -> createOfferDraft(),"INSERT INTO offers (application_id, created_by, status, offer_details, created_at, updated_at) VALUES (?, ?, 'draft', ?, NOW(), NOW())","{""id"":123}"
CompanyAdmin,sendOffer,${API_BASE}/company-admin/offers/:id/send,PUT,"{ ""Authorization"": ""Bearer <token>"", ""Content-Type"": ""application/json"" }","{""document_url"":""https://files.example.com/offer.pdf"",""esign_link"":""https://esign.example.com/abc""}","app.use(""/company-admin"", companyAdminRoutes);","routes/companyAdmin.routes.js -> router.put(""/offers/:id/send"", ...)",controllers/companyAdmin.controller.js -> sendOffer(),"verifyToken, checkRole(""CompanyAdmin"")",services/companyAdmin.service.js -> sendOffer(),"UPDATE offers SET status = 'sent', document_url = ?, esign_link = ?, sent_at = NOW(), updated_at = NOW() WHERE id = ?","{""message"":""Success""}"
CompanyAdmin,getMyProfile,${API_BASE}/company-admin/profile,GET,"{ ""Authorization"": ""Bearer <token>"" }",-,"app.use(""/company-admin"", companyAdminRoutes);","routes/companyAdmin.routes.js -> router.get(""/profile"", ...)",controllers/companyAdmin.controller.js -> getMyProfile(),"verifyToken, checkRole(""CompanyAdmin"")",services/companyAdmin.service.js -> getMyProfile(),,"{""id"":2,""email"":""hr@tcs.com"",""first_name"":""Priya"",""last_name"":""Verma"",""role"":""HR""}"
CompanyAdmin,updateMyProfile,${API_BASE}/company-admin/profile,PUT,"{ ""Authorization"": ""Bearer <token>"", ""Content-Type"": ""application/json"" }","{""first_name"":""John"",""last_name"":""Doe"",""email"":""john.doe@example.com""}","app.use(""/company-admin"", companyAdminRoutes);","routes/companyAdmin.routes.js -> router.put(""/profile"", ...)",controllers/companyAdmin.controller.js -> updateMyProfile(),"verifyToken, checkRole(""CompanyAdmin"")",services/companyAdmin.service.js -> updateMyProfile(),"UPDATE users SET first_name = ?, last_name = ?, email = ?, updated_at = NOW() WHERE id = ?","{""message"":""Success""}"
CompanyAdmin,listUsersByRole,${API_BASE}/company-admin/users,GET,"{ ""Authorization"": ""Bearer <token>"" }",-,"app.use(""/company-admin"", companyAdminRoutes);","routes/companyAdmin.routes.js -> router.get(""/users"", ...)",controllers/companyAdmin.controller.js -> listUsersByRole(),"verifyToken, checkRole(""CompanyAdmin"")",services/companyAdmin.service.js -> listUsersByRole(),"SELECT id, email, first_name, last_name, role, is_active, created_at FROM users WHERE role = ? AND is_active = 1 ORDER BY last_name, first_name","[{""id"":2,""email"":""hr@tcs.com"",""first_name"":""Priya"",""last_name"":""Verma"",""role"":""HR""}]"
CompanyAdmin,createUser,${API_BASE}/company-admin/users,POST,"{ ""Authorization"": ""Bearer <token>"", ""Content-Type"": ""application/json"" }","{""company_id"":1,""email"":""new.user@acme.com"",""password"":""Password@123"",""first_name"":""New"",""last_name"":""User"",""role"":""HR""}","app.use(""/company-admin"", companyAdminRoutes);","routes/companyAdmin.routes.js -> router.post(""/users"", ...)",controllers/companyAdmin.controller.js -> createUser(),"verifyToken, checkRole(""CompanyAdmin"")",services/companyAdmin.service.js -> createUser(),"INSERT INTO users (company_id, email, password_hash, first_name, last_name, role, is_active, created_at, updated_at) VALUES (?, ?, ?, ?, ?, ?, 1, NOW(), NOW())","{""id"":123}"
CompanyAdmin,deactivateUser,${API_BASE}/company-admin/users/:id,DELETE,"{ ""Authorization"": ""Bearer <token>"", ""Content-Type"": ""application/json"" }",{},"app.use(""/company-admin"", companyAdminRoutes);","routes/companyAdmin.routes.js -> router.delete(""/users/:id"", ...)",controllers/companyAdmin.controller.js -> deactivateUser(),"verifyToken, checkRole(""CompanyAdmin"")",services/companyAdmin.service.js -> deactivateUser(),"UPDATE users SET is_active = 0, updated_at = NOW() WHERE id = ?","{""message"":""Success""}"
CompanyAdmin,getUserById,${API_BASE}/company-admin/users/:id,GET,"{ ""Authorization"": ""Bearer <token>"" }",-,"app.use(""/company-admin"", companyAdminRoutes);","routes/companyAdmin.routes.js -> router.get(""/users/:id"", ...)",controllers/companyAdmin.controller.js -> getUserById(),"verifyToken, checkRole(""CompanyAdmin"")",services/companyAdmin.service.js -> getUserById(),"SELECT id, company_id, email, first_name, last_name, role, is_active, last_login_at, created_at, updated_at FROM users WHERE id = ? LIMIT 1","{""id"":2,""email"":""hr@tcs.com"",""first_name"":""Priya"",""last_name"":""Verma"",""role"":""HR""}"
CompanyAdmin,updateUser,${API_BASE}/company-admin/users/:id,PUT,"{ ""Authorization"": ""Bearer <token>"", ""Content-Type"": ""application/json"" }","{""first_name"":""New"",""last_name"":""User"",""email"":""new.user@acme.com"",""role"":""HR"",""company_id"":1}","app.use(""/company-admin"", companyAdminRoutes);","routes/companyAdmin.routes.js -> router.put(""/users/:id"", ...)",controllers/companyAdmin.controller.js -> updateUser(),"verifyToken, checkRole(""CompanyAdmin"")",services/companyAdmin.service.js -> updateUser(),"UPDATE users SET first_name = ?, last_name = ?, email = ?, role = ?, company_id = ?, updated_at = NOW() WHERE id = ?","{""message"":""Success""}"
CompanyAdmin,activateUser,${API_BASE}/company-admin/users/:id/activate,POST,"{ ""Authorization"": ""Bearer <token>"", ""Content-Type"": ""application/json"" }",{},"app.use(""/company-admin"", companyAdminRoutes);","routes/companyAdmin.routes.js -> router.post(""/users/:id/activate"", ...)",controllers/companyAdmin.controller.js -> activateUser(),"verifyToken, checkRole(""CompanyAdmin"")",services/companyAdmin.service.js -> activateUser(),"UPDATE users SET is_active = 1, updated_at = NOW() WHERE id = ?","{""id"":123}"
CompanyAdmin,countUsersByRole,${API_BASE}/company-admin/users/count,GET,"{ ""Authorization"": ""Bearer <token>"" }",-,"app.use(""/company-admin"", companyAdminRoutes);","routes/companyAdmin.routes.js -> router.get(""/users/count"", ...)",controllers/companyAdmin.controller.js -> countUsersByRole(),"verifyToken, checkRole(""CompanyAdmin"")",services/companyAdmin.service.js -> countUsersByRole(),SELECT COUNT(*) AS total FROM users WHERE role = ? AND is_active = 1,"{""total"":8}"
HR,listApplications,${API_BASE}/hr-recruiter/applications,GET,"{ ""Authorization"": ""Bearer <token>"" }",-,"app.use(""/hr-recruiter"", hrRecruiterRoutes);","routes/hrRecruiter.routes.js -> router.get(""/applications"", ...)",controllers/hrRecruiter.controller.js -> listApplications(),"verifyToken, checkRole(""HR"")",services/hrRecruiter.service.js -> listApplicationsForJob(),"SELECT a.*, u.first_name, u.last_name, u.email, cp.resume_url FROM applications a JOIN users u ON a.candidate_id = u.id LEFT JOIN candidate_profiles cp ON u.id = cp.user_id WHERE a.job_id = ? ORDER BY a.applied_at DESC","[{""id"":1,""job_id"":1,""candidate_id"":13,""status"":""applied""}]"
HR,moveApplicationStage,${API_BASE}/hr-recruiter/applications/:id/move-stage,PUT,"{ ""Authorization"": ""Bearer <token>"", ""Content-Type"": ""application/json"" }","{""status"":""interview"",""current_stage_id"":2}","app.use(""/hr-recruiter"", hrRecruiterRoutes);","routes/hrRecruiter.routes.js -> router.put(""/applications/:id/move-stage"", ...)",controllers/hrRecruiter.controller.js -> moveApplicationStage(),"verifyToken, checkRole(""HR"")",services/hrRecruiter.service.js -> moveApplicationStage(),"UPDATE applications SET status = ?, current_stage_id = ?, updated_at = NOW() WHERE id = ?","{""message"":""Success""}"
HR,recommendOffer,${API_BASE}/hr-recruiter/applications/:id/recommend-offer,POST,"{ ""Authorization"": ""Bearer <token>"", ""Content-Type"": ""application/json"" }",{},"app.use(""/hr-recruiter"", hrRecruiterRoutes);","routes/hrRecruiter.routes.js -> router.post(""/applications/:id/recommend-offer"", ...)",controllers/hrRecruiter.controller.js -> recommendOffer(),"verifyToken, checkRole(""HR"")",services/hrRecruiter.service.js -> recommendOffer(),"UPDATE applications SET offer_recommended = 1, updated_at = NOW() WHERE id = ?","{""id"":123}"
HR,screenDecision,${API_BASE}/hr-recruiter/applications/:id/screen,POST,"{ ""Authorization"": ""Bearer <token>"", ""Content-Type"": ""application/json"" }","{""status"":""interview""}","app.use(""/hr-recruiter"", hrRecruiterRoutes);","routes/hrRecruiter.routes.js -> router.post(""/applications/:id/screen"", ...)",controllers/hrRecruiter.controller.js -> screenDecision(),"verifyToken, checkRole(""HR"")",services/hrRecruiter.service.js -> screenDecision(),"UPDATE applications SET status = ?, screening_decision_at = NOW(), updated_at = NOW() WHERE id = ?","{""id"":123}"
HR,getCandidateProfile,${API_BASE}/hr-recruiter/candidates/:id/profile,GET,"{ ""Authorization"": ""Bearer <token>"" }",-,"app.use(""/hr-recruiter"", hrRecruiterRoutes);","routes/hrRecruiter.routes.js -> router.get(""/candidates/:id/profile"", ...)",controllers/hrRecruiter.controller.js -> getCandidateProfile(),"verifyToken, checkRole(""HR"")",services/hrRecruiter.service.js -> getCandidateProfile(),"SELECT cp.user_id, u.first_name, u.last_name, u.email, cp.phone, cp.address, cp.resume_url, cp.profile_data, cp.is_verified, cp.updated_at FROM candidate_profiles cp JOIN users u ON cp.user_id = u.id WHERE cp.user_id = ? LIMIT 1","{""user_id"":13,""first_name"":""Rahul"",""last_name"":""Sharma"",""email"":""rahul.sharma@example.com"",""resume_url"":""https://...""}"
HR,updateCandidateProfile,${API_BASE}/hr-recruiter/candidates/:id/profile,PUT,"{ ""Authorization"": ""Bearer <token>"", ""Content-Type"": ""application/json"" }",{},"app.use(""/hr-recruiter"", hrRecruiterRoutes);","routes/hrRecruiter.routes.js -> router.put(""/candidates/:id/profile"", ...)",controllers/hrRecruiter.controller.js -> updateCandidateProfile(),"verifyToken, checkRole(""HR"")",services/hrRecruiter.service.js -> updateCandidateProfile(),"UPDATE candidate_profiles SET phone = ?, address = ?, profile_data = ?, updated_at = NOW() WHERE user_id = ?","{""message"":""Success""}"
HR,uploadResume,${API_BASE}/hr-recruiter/candidates/:id/resume,POST,"{ ""Authorization"": ""Bearer <token>"", ""Content-Type"": ""application/json"" }",{},"app.use(""/hr-recruiter"", hrRecruiterRoutes);","routes/hrRecruiter.routes.js -> router.post(""/candidates/:id/resume"", ...)",controllers/hrRecruiter.controller.js -> uploadResume(),"verifyToken, checkRole(""HR"")",services/hrRecruiter.service.js -> uploadResume(),"UPDATE candidate_profiles SET resume_url = ?, updated_at = NOW() WHERE user_id = ?","{""id"":123}"
HR,getInterviews,${API_BASE}/hr-recruiter/interviews,GET,"{ ""Authorization"": ""Bearer <token>"" }",-,"app.use(""/hr-recruiter"", hrRecruiterRoutes);","routes/hrRecruiter.routes.js -> router.get(""/interviews"", ...)",controllers/hrRecruiter.controller.js -> getInterviews(),"verifyToken, checkRole(""HR"")",services/hrRecruiter.service.js -> getInterviews(),"SELECT i.*, u.first_name AS interviewer_first, u.last_name AS interviewer_last FROM interviews i JOIN users u ON i.interviewer_id = u.id WHERE i.application_id = ? ORDER BY i.scheduled_at","[{""id"":1,""application_id"":4,""status"":""scheduled"",""scheduled_at"":""2026-03-01T10:00:00Z""}]"
HR,scheduleInterview,${API_BASE}/hr-recruiter/interviews,POST,"{ ""Authorization"": ""Bearer <token>"", ""Content-Type"": ""application/json"" }","{""application_id"":5,""interviewer_id"":8,""scheduled_at"":""2026-03-01 10:00:00"",""duration_minutes"":60,""meeting_link"":""https://meet.google.com/test"",""notes"":""Round 1""}","app.use(""/hr-recruiter"", hrRecruiterRoutes);","routes/hrRecruiter.routes.js -> router.post(""/interviews"", ...)",controllers/hrRecruiter.controller.js -> scheduleInterview(),"verifyToken, checkRole(""HR"")",services/hrRecruiter.service.js -> scheduleInterview(),"INSERT INTO interviews (application_id, interviewer_id, scheduled_at, duration_minutes, meeting_link, status, notes, created_at, updated_at) VALUES (?, ?, ?, ?, ?, 'scheduled', ?, NOW(), NOW())","{""id"":123}"
HR,updateInterview,${API_BASE}/hr-recruiter/interviews/:id,PUT,"{ ""Authorization"": ""Bearer <token>"", ""Content-Type"": ""application/json"" }","{""status"":""completed"",""notes"":""Strong performance""}","app.use(""/hr-recruiter"", hrRecruiterRoutes);","routes/hrRecruiter.routes.js -> router.put(""/interviews/:id"", ...)",controllers/hrRecruiter.controller.js -> updateInterview(),"verifyToken, checkRole(""HR"")",services/hrRecruiter.service.js -> updateInterview(),"UPDATE interviews SET status = ?, notes = ?, updated_at = NOW() WHERE id = ?","{""message"":""Success""}"
HR,listJobs,${API_BASE}/hr-recruiter/jobs,GET,"{ ""Authorization"": ""Bearer <token>"" }",-,"app.use(""/hr-recruiter"", hrRecruiterRoutes);","routes/hrRecruiter.routes.js -> router.get(""/jobs"", ...)",controllers/hrRecruiter.controller.js -> listJobs(),"verifyToken, checkRole(""HR"")",services/hrRecruiter.service.js -> listJobs(),"SELECT j.id, j.title, j.description, j.location, j.employment_type, j.status, j.positions_count, j.created_at, c.name AS company_name FROM job_requisitions j JOIN companies c ON j.company_id = c.id ${whereSql} ORDER BY j.created_at DESC","[{""id"":1,""title"":""Senior Java Developer"",""status"":""published"",""company_name"":""TCS Limited""}]"
HR,createJobDraft,${API_BASE}/hr-recruiter/jobs,POST,"{ ""Authorization"": ""Bearer <token>"", ""Content-Type"": ""application/json"" }","{""company_id"":1,""created_by"":2,""title"":""Backend Developer"",""description"":""Node.js"",""requirements"":""3+ years"",""location"":""Hyderabad"",""employment_type"":""Full-time"",""positions_count"":2}","app.use(""/hr-recruiter"", hrRecruiterRoutes);","routes/hrRecruiter.routes.js -> router.post(""/jobs"", ...)",controllers/hrRecruiter.controller.js -> createJobDraft(),"verifyToken, checkRole(""HR"")",services/hrRecruiter.service.js -> createJobDraft(),"INSERT INTO job_requisitions (company_id, created_by, title, description, requirements, location, employment_type, status, positions_count, created_at, updated_at) VALUES (?, ?, ?, ?, ?, ?, ?, 'draft', ?, NOW(), NOW())","{""id"":123}"
HR,getJobById,${API_BASE}/hr-recruiter/jobs/:id,GET,"{ ""Authorization"": ""Bearer <token>"" }",-,"app.use(""/hr-recruiter"", hrRecruiterRoutes);","routes/hrRecruiter.routes.js -> router.get(""/jobs/:id"", ...)",controllers/hrRecruiter.controller.js -> getJobById(),"verifyToken, checkRole(""HR"")",services/hrRecruiter.service.js -> getJobById(),"SELECT j.*, c.name AS company_name, u.first_name AS creator_first, u.last_name AS creator_last FROM job_requisitions j JOIN companies c ON j.company_id = c.id JOIN users u ON j.created_by = u.id WHERE j.id = ? LIMIT 1","{""id"":1,""title"":""Senior Java Developer"",""status"":""published"",""company_name"":""TCS Limited""}"
HR,updateJob,${API_BASE}/hr-recruiter/jobs/:id,PUT,"{ ""Authorization"": ""Bearer <token>"", ""Content-Type"": ""application/json"" }","{""title"":""Senior Backend Developer"",""description"":""Node.js + SQL"",""requirements"":""5+ years"",""location"":""Hyderabad"",""employment_type"":""Full-time"",""positions_count"":2}","app.use(""/hr-recruiter"", hrRecruiterRoutes);","routes/hrRecruiter.routes.js -> router.put(""/jobs/:id"", ...)",controllers/hrRecruiter.controller.js -> updateJob(),"verifyToken, checkRole(""HR"")",services/hrRecruiter.service.js -> updateJob(),"UPDATE job_requisitions SET title = ?, description = ?, requirements = ?, location = ?, employment_type = ?, positions_count = ?, updated_at = NOW() WHERE id = ? AND status IN ('draft', 'pending')","{""message"":""Success""}"
HR,submitJob,${API_BASE}/hr-recruiter/jobs/:id/submit,POST,"{ ""Authorization"": ""Bearer <token>"", ""Content-Type"": ""application/json"" }","{""approver_id"":3}","app.use(""/hr-recruiter"", hrRecruiterRoutes);","routes/hrRecruiter.routes.js -> router.post(""/jobs/:id/submit"", ...)",controllers/hrRecruiter.controller.js -> submitJob(),"verifyToken, checkRole(""HR"")",services/hrRecruiter.service.js -> submitJob(),"UPDATE job_requisitions SET status = 'pending', updated_at = NOW() WHERE id = ?","{""id"":123}"
HR,createOfferDraft,${API_BASE}/hr-recruiter/offers,POST,"{ ""Authorization"": ""Bearer <token>"", ""Content-Type"": ""application/json"" }","{""application_id"":7,""created_by"":2,""offer_details"":{""ctc"":""20LPA""}}","app.use(""/hr-recruiter"", hrRecruiterRoutes);","routes/hrRecruiter.routes.js -> router.post(""/offers"", ...)",controllers/hrRecruiter.controller.js -> createOfferDraft(),"verifyToken, checkRole(""HR"")",services/hrRecruiter.service.js -> createOfferDraft(),"INSERT INTO offers (application_id, created_by, status, offer_details, created_at, updated_at) VALUES (?, ?, 'draft', ?, NOW(), NOW())","{""id"":123}"
HR,sendOffer,${API_BASE}/hr-recruiter/offers/:id/send,PUT,"{ ""Authorization"": ""Bearer <token>"", ""Content-Type"": ""application/json"" }","{""document_url"":""https://files.example.com/offer.pdf"",""esign_link"":""https://esign.example.com/abc""}","app.use(""/hr-recruiter"", hrRecruiterRoutes);","routes/hrRecruiter.routes.js -> router.put(""/offers/:id/send"", ...)",controllers/hrRecruiter.controller.js -> sendOffer(),"verifyToken, checkRole(""HR"")",services/hrRecruiter.service.js -> sendOffer(),"UPDATE offers SET status = 'sent', document_url = ?, esign_link = ?, sent_at = NOW(), updated_at = NOW() WHERE id = ?","{""message"":""Success""}"
HR,getMyProfile,${API_BASE}/hr-recruiter/profile,GET,"{ ""Authorization"": ""Bearer <token>"" }",-,"app.use(""/hr-recruiter"", hrRecruiterRoutes);","routes/hrRecruiter.routes.js -> router.get(""/profile"", ...)",controllers/hrRecruiter.controller.js -> getMyProfile(),"verifyToken, checkRole(""HR"")",services/hrRecruiter.service.js -> getMyProfile(),,"{""id"":2,""email"":""hr@tcs.com"",""first_name"":""Priya"",""last_name"":""Verma"",""role"":""HR""}"
HR,updateMyProfile,${API_BASE}/hr-recruiter/profile,PUT,"{ ""Authorization"": ""Bearer <token>"", ""Content-Type"": ""application/json"" }","{""first_name"":""John"",""last_name"":""Doe"",""email"":""john.doe@example.com""}","app.use(""/hr-recruiter"", hrRecruiterRoutes);","routes/hrRecruiter.routes.js -> router.put(""/profile"", ...)",controllers/hrRecruiter.controller.js -> updateMyProfile(),"verifyToken, checkRole(""HR"")",services/hrRecruiter.service.js -> updateMyProfile(),"UPDATE users SET first_name = ?, last_name = ?, email = ?, updated_at = NOW() WHERE id = ?","{""message"":""Success""}"
HiringManager,finalDecision,${API_BASE}/hiring-manager/applications/:id/final-decision,POST,"{ ""Authorization"": ""Bearer <token>"", ""Content-Type"": ""application/json"" }","{""status"":""selected""}","app.use(""/hiring-manager"", hiringManagerRoutes);","routes/hiringManager.routes.js -> router.post(""/applications/:id/final-decision"", ...)",controllers/hiringManager.controller.js -> finalDecision(),"verifyToken, checkRole(""HiringManager"")",services/hiringManager.service.js -> finalDecision(),"UPDATE applications SET status = ?, final_decision_at = NOW(), updated_at = NOW() WHERE id = ?","{""id"":123}"
HiringManager,listPendingApprovals,${API_BASE}/hiring-manager/job-approvals,GET,"{ ""Authorization"": ""Bearer <token>"" }",-,"app.use(""/hiring-manager"", hiringManagerRoutes);","routes/hiringManager.routes.js -> router.get(""/job-approvals"", ...)",controllers/hiringManager.controller.js -> listPendingApprovals(),"verifyToken, checkRole(""HiringManager"")",services/hiringManager.service.js -> listPendingApprovals(),"SELECT ja.*, j.title, j.created_by, u.first_name AS requester FROM job_approvals ja JOIN job_requisitions j ON ja.job_id = j.id JOIN users u ON j.created_by = u.id WHERE ja.approver_id = ? AND ja.status = 'pending'","{""message"":""Success""}"
HiringManager,getJobById,${API_BASE}/hiring-manager/jobs/:id,GET,"{ ""Authorization"": ""Bearer <token>"" }",-,"app.use(""/hiring-manager"", hiringManagerRoutes);","routes/hiringManager.routes.js -> router.get(""/jobs/:id"", ...)",controllers/hiringManager.controller.js -> getJobById(),"verifyToken, checkRole(""HiringManager"")",services/hiringManager.service.js -> getJobById(),"SELECT j.*, c.name AS company_name, u.first_name AS creator_first, u.last_name AS creator_last FROM job_requisitions j JOIN companies c ON j.company_id = c.id JOIN users u ON j.created_by = u.id WHERE j.id = ? LIMIT 1","{""id"":1,""title"":""Senior Java Developer"",""status"":""published"",""company_name"":""TCS Limited""}"
HiringManager,approveJob,${API_BASE}/hiring-manager/jobs/:id/approve,POST,"{ ""Authorization"": ""Bearer <token>"", ""Content-Type"": ""application/json"" }",{},"app.use(""/hiring-manager"", hiringManagerRoutes);","routes/hiringManager.routes.js -> router.post(""/jobs/:id/approve"", ...)",controllers/hiringManager.controller.js -> approveJob(),"verifyToken, checkRole(""HiringManager"")",services/hiringManager.service.js -> approveJob(),"UPDATE job_approvals SET status = 'approved', comments = ?, approved_at = NOW(), updated_at = NOW() WHERE job_id = ? AND approver_id = ?","{""id"":123}"
HiringManager,closeJob,${API_BASE}/hiring-manager/jobs/:id/close,POST,"{ ""Authorization"": ""Bearer <token>"", ""Content-Type"": ""application/json"" }",{},"app.use(""/hiring-manager"", hiringManagerRoutes);","routes/hiringManager.routes.js -> router.post(""/jobs/:id/close"", ...)",controllers/hiringManager.controller.js -> closeJob(),"verifyToken, checkRole(""HiringManager"")",services/hiringManager.service.js -> closeJob(),"UPDATE job_requisitions SET status = 'closed', closed_at = NOW(), updated_at = NOW() WHERE id = ?","{""id"":123}"
HiringManager,publishJob,${API_BASE}/hiring-manager/jobs/:id/publish,POST,"{ ""Authorization"": ""Bearer <token>"", ""Content-Type"": ""application/json"" }",{},"app.use(""/hiring-manager"", hiringManagerRoutes);","routes/hiringManager.routes.js -> router.post(""/jobs/:id/publish"", ...)",controllers/hiringManager.controller.js -> publishJob(),"verifyToken, checkRole(""HiringManager"")",services/hiringManager.service.js -> publishJob(),"UPDATE job_requisitions SET status = 'published', published_at = NOW(), updated_at = NOW() WHERE id = ?","{""id"":123}"
HiringManager,rejectJob,${API_BASE}/hiring-manager/jobs/:id/reject,POST,"{ ""Authorization"": ""Bearer <token>"", ""Content-Type"": ""application/json"" }",{},"app.use(""/hiring-manager"", hiringManagerRoutes);","routes/hiringManager.routes.js -> router.post(""/jobs/:id/reject"", ...)",controllers/hiringManager.controller.js -> rejectJob(),"verifyToken, checkRole(""HiringManager"")",services/hiringManager.service.js -> rejectJob(),"UPDATE job_approvals SET status = 'rejected', comments = ?, updated_at = NOW() WHERE job_id = ? AND approver_id = ?","{""id"":123}"
HiringManager,getMyProfile,${API_BASE}/hiring-manager/profile,GET,"{ ""Authorization"": ""Bearer <token>"" }",-,"app.use(""/hiring-manager"", hiringManagerRoutes);","routes/hiringManager.routes.js -> router.get(""/profile"", ...)",controllers/hiringManager.controller.js -> getMyProfile(),"verifyToken, checkRole(""HiringManager"")",services/hiringManager.service.js -> getMyProfile(),,"{""id"":2,""email"":""hr@tcs.com"",""first_name"":""Priya"",""last_name"":""Verma"",""role"":""HR""}"
HiringManager,updateMyProfile,${API_BASE}/hiring-manager/profile,PUT,"{ ""Authorization"": ""Bearer <token>"", ""Content-Type"": ""application/json"" }","{""first_name"":""John"",""last_name"":""Doe"",""email"":""john.doe@example.com""}","app.use(""/hiring-manager"", hiringManagerRoutes);","routes/hiringManager.routes.js -> router.put(""/profile"", ...)",controllers/hiringManager.controller.js -> updateMyProfile(),"verifyToken, checkRole(""HiringManager"")",services/hiringManager.service.js -> updateMyProfile(),"UPDATE users SET first_name = ?, last_name = ?, email = ?, updated_at = NOW() WHERE id = ?","{""message"":""Success""}"
Interviewer,getInterviews,${API_BASE}/interviewer/interviews,GET,"{ ""Authorization"": ""Bearer <token>"" }",-,"app.use(""/interviewer"", interviewerRoutes);","routes/interviewer.routes.js -> router.get(""/interviews"", ...)",controllers/interviewer.controller.js -> getInterviews(),"verifyToken, checkRole(""Interviewer"")",services/interviewer.service.js -> getInterviews(),"SELECT i.*, u.first_name AS interviewer_first, u.last_name AS interviewer_last FROM interviews i JOIN users u ON i.interviewer_id = u.id WHERE i.application_id = ? ORDER BY i.scheduled_at","[{""id"":1,""application_id"":4,""status"":""scheduled"",""scheduled_at"":""2026-03-01T10:00:00Z""}]"
Interviewer,updateInterview,${API_BASE}/interviewer/interviews/:id,PUT,"{ ""Authorization"": ""Bearer <token>"", ""Content-Type"": ""application/json"" }","{""status"":""completed"",""notes"":""Strong performance""}","app.use(""/interviewer"", interviewerRoutes);","routes/interviewer.routes.js -> router.put(""/interviews/:id"", ...)",controllers/interviewer.controller.js -> updateInterview(),"verifyToken, checkRole(""Interviewer"")",services/interviewer.service.js -> updateInterview(),"UPDATE interviews SET status = ?, notes = ?, updated_at = NOW() WHERE id = ?","{""message"":""Success""}"
Interviewer,getMyProfile,${API_BASE}/interviewer/profile,GET,"{ ""Authorization"": ""Bearer <token>"" }",-,"app.use(""/interviewer"", interviewerRoutes);","routes/interviewer.routes.js -> router.get(""/profile"", ...)",controllers/interviewer.controller.js -> getMyProfile(),"verifyToken, checkRole(""Interviewer"")",services/interviewer.service.js -> getMyProfile(),,"{""id"":2,""email"":""hr@tcs.com"",""first_name"":""Priya"",""last_name"":""Verma"",""role"":""HR""}"
Interviewer,updateMyProfile,${API_BASE}/interviewer/profile,PUT,"{ ""Authorization"": ""Bearer <token>"", ""Content-Type"": ""application/json"" }","{""first_name"":""John"",""last_name"":""Doe"",""email"":""john.doe@example.com""}","app.use(""/interviewer"", interviewerRoutes);","routes/interviewer.routes.js -> router.put(""/profile"", ...)",controllers/interviewer.controller.js -> updateMyProfile(),"verifyToken, checkRole(""Interviewer"")",services/interviewer.service.js -> updateMyProfile(),"UPDATE users SET first_name = ?, last_name = ?, email = ?, updated_at = NOW() WHERE id = ?","{""message"":""Success""}"
Interviewer,getScorecards,${API_BASE}/interviewer/scorecards,GET,"{ ""Authorization"": ""Bearer <token>"" }",-,"app.use(""/interviewer"", interviewerRoutes);","routes/interviewer.routes.js -> router.get(""/scorecards"", ...)",controllers/interviewer.controller.js -> getScorecards(),"verifyToken, checkRole(""Interviewer"")",services/interviewer.service.js -> getScorecardsByInterview(),SELECT * FROM scorecards WHERE interview_id = ? ORDER BY created_at,"[{""id"":1,""interview_id"":1,""recommendation"":""Yes"",""is_final"":1}]"
Interviewer,submitScorecard,${API_BASE}/interviewer/scorecards,POST,"{ ""Authorization"": ""Bearer <token>"", ""Content-Type"": ""application/json"" }","{""interview_id"":10,""interviewer_id"":8,""ratings"":{""technical"":5,""communication"":4},""comments"":""Good"",""recommendation"":""Yes""}","app.use(""/interviewer"", interviewerRoutes);","routes/interviewer.routes.js -> router.post(""/scorecards"", ...)",controllers/interviewer.controller.js -> submitScorecard(),"verifyToken, checkRole(""Interviewer"")",services/interviewer.service.js -> submitScorecard(),"INSERT INTO scorecards (interview_id, interviewer_id, ratings, comments, recommendation, is_final, submitted_at, created_at, updated_at) VALUES (?, ?, ?, ?, ?, 0, NOW(), NOW(), NOW())","{""id"":123}"
Interviewer,finalizeScorecard,${API_BASE}/interviewer/scorecards/:id/finalize,PUT,"{ ""Authorization"": ""Bearer <token>"", ""Content-Type"": ""application/json"" }",{},"app.use(""/interviewer"", interviewerRoutes);","routes/interviewer.routes.js -> router.put(""/scorecards/:id/finalize"", ...)",controllers/interviewer.controller.js -> finalizeScorecard(),"verifyToken, checkRole(""Interviewer"")",services/interviewer.service.js -> finalizeScorecard(),"UPDATE scorecards SET is_final = 1, updated_at = NOW() WHERE id = ?","{""message"":""Success""}"
PlatformAdmin,getAuditTrail,${API_BASE}/platform-admin/audit,GET,"{ ""Authorization"": ""Bearer <token>"" }",-,"app.use(""/platform-admin"", platformAdminRoutes);","routes/platformAdmin.routes.js -> router.get(""/audit"", ...)",controllers/platformAdmin.controller.js -> getAuditTrail(),"verifyToken, checkRole(""PlatformAdmin"")",services/platformAdmin.service.js -> getAuditTrail(),SELECT * FROM audit_logs WHERE entity_type = ? AND entity_id = ? ORDER BY created_at DESC,"[{""id"":1001,""action"":""UPDATED"",""entity_type"":""users"",""entity_id"":10}]"
PlatformAdmin,insertAuditLog,${API_BASE}/platform-admin/audit-logs,POST,"{ ""Authorization"": ""Bearer <token>"", ""Content-Type"": ""application/json"" }","{""user_id"":1,""action"":""UPDATED"",""entity_type"":""users"",""entity_id"":10,""old_data"":{},""new_data"":{},""ip_address"":""127.0.0.1""}","app.use(""/platform-admin"", platformAdminRoutes);","routes/platformAdmin.routes.js -> router.post(""/audit-logs"", ...)",controllers/platformAdmin.controller.js -> insertAuditLog(),"verifyToken, checkRole(""PlatformAdmin"")",services/platformAdmin.service.js -> insertAuditLog(),"INSERT INTO audit_logs (user_id, action, entity_type, entity_id, old_data, new_data, ip_address, created_at) VALUES (?, ?, ?, ?, ?, ?, ?, NOW())","{""id"":123}"
PlatformAdmin,insertBackgroundJob,${API_BASE}/platform-admin/background-jobs,POST,"{ ""Authorization"": ""Bearer <token>"", ""Content-Type"": ""application/json"" }","{""job_type"":""email_notification"",""payload"":{""to"":""test@example.com""}}","app.use(""/platform-admin"", platformAdminRoutes);","routes/platformAdmin.routes.js -> router.post(""/background-jobs"", ...)",controllers/platformAdmin.controller.js -> insertBackgroundJob(),"verifyToken, checkRole(""PlatformAdmin"")",services/platformAdmin.service.js -> insertBackgroundJob(),"INSERT INTO background_jobs (job_type, payload, status, scheduled_at, created_at) VALUES (?, ?, 'pending', COALESCE(?, NOW()), NOW())","{""id"":123}"
PlatformAdmin,completeBackgroundJob,${API_BASE}/platform-admin/background-jobs/:id/complete,POST,"{ ""Authorization"": ""Bearer <token>"", ""Content-Type"": ""application/json"" }",{},"app.use(""/platform-admin"", platformAdminRoutes);","routes/platformAdmin.routes.js -> router.post(""/background-jobs/:id/complete"", ...)",controllers/platformAdmin.controller.js -> completeBackgroundJob(),"verifyToken, checkRole(""PlatformAdmin"")",services/platformAdmin.service.js -> completeBackgroundJob(),"UPDATE background_jobs SET status = 'completed', completed_at = NOW() WHERE id = ?","{""id"":123}"
PlatformAdmin,failBackgroundJob,${API_BASE}/platform-admin/background-jobs/:id/fail,POST,"{ ""Authorization"": ""Bearer <token>"", ""Content-Type"": ""application/json"" }",{},"app.use(""/platform-admin"", platformAdminRoutes);","routes/platformAdmin.routes.js -> router.post(""/background-jobs/:id/fail"", ...)",controllers/platformAdmin.controller.js -> failBackgroundJob(),"verifyToken, checkRole(""PlatformAdmin"")",services/platformAdmin.service.js -> failBackgroundJob(),"UPDATE background_jobs SET status = 'failed', error_message = ?, retries = retries + 1 WHERE id = ?","{""id"":123}"
PlatformAdmin,getPendingJobs,${API_BASE}/platform-admin/background-jobs/pending,GET,"{ ""Authorization"": ""Bearer <token>"" }",-,"app.use(""/platform-admin"", platformAdminRoutes);","routes/platformAdmin.routes.js -> router.get(""/background-jobs/pending"", ...)",controllers/platformAdmin.controller.js -> getPendingJobs(),"verifyToken, checkRole(""PlatformAdmin"")",services/platformAdmin.service.js -> getPendingJobs(),SELECT * FROM background_jobs WHERE status = 'pending' AND scheduled_at <= NOW() ORDER BY scheduled_at LIMIT 10,"[{""id"":1,""job_type"":""email_notification"",""status"":""pending""}]"
PlatformAdmin,listActiveCompanies,${API_BASE}/platform-admin/companies,GET,"{ ""Authorization"": ""Bearer <token>"" }",-,"app.use(""/platform-admin"", platformAdminRoutes);","routes/platformAdmin.routes.js -> router.get(""/companies"", ...)",controllers/platformAdmin.controller.js -> listActiveCompanies(),"verifyToken, checkRole(""PlatformAdmin"")",services/platformAdmin.service.js -> listActiveCompanies(),"SELECT id, name, domain, is_active, created_at FROM companies WHERE is_active = 1 ORDER BY name","[{""id"":1,""name"":""TCS Limited"",""domain"":""tcs.com"",""is_active"":1}]"
PlatformAdmin,createCompany,${API_BASE}/platform-admin/companies,POST,"{ ""Authorization"": ""Bearer <token>"", ""Content-Type"": ""application/json"" }","{""name"":""Acme Corp"",""domain"":""acme.com""}","app.use(""/platform-admin"", platformAdminRoutes);","routes/platformAdmin.routes.js -> router.post(""/companies"", ...)",controllers/platformAdmin.controller.js -> createCompany(),"verifyToken, checkRole(""PlatformAdmin"")",services/platformAdmin.service.js -> createCompany(),"INSERT INTO companies (name, domain, is_active, created_at, updated_at) VALUES (?, ?, 1, NOW(), NOW())","{""id"":123}"
PlatformAdmin,deactivateCompany,${API_BASE}/platform-admin/companies/:id,DELETE,"{ ""Authorization"": ""Bearer <token>"", ""Content-Type"": ""application/json"" }",{},"app.use(""/platform-admin"", platformAdminRoutes);","routes/platformAdmin.routes.js -> router.delete(""/companies/:id"", ...)",controllers/platformAdmin.controller.js -> deactivateCompany(),"verifyToken, checkRole(""PlatformAdmin"")",services/platformAdmin.service.js -> deactivateCompany(),"UPDATE companies SET is_active = 0, updated_at = NOW() WHERE id = ?","{""message"":""Success""}"
PlatformAdmin,getCompanyById,${API_BASE}/platform-admin/companies/:id,GET,"{ ""Authorization"": ""Bearer <token>"" }",-,"app.use(""/platform-admin"", platformAdminRoutes);","routes/platformAdmin.routes.js -> router.get(""/companies/:id"", ...)",controllers/platformAdmin.controller.js -> getCompanyById(),"verifyToken, checkRole(""PlatformAdmin"")",services/platformAdmin.service.js -> getCompanyById(),"SELECT id, name, domain, is_active, created_at, updated_at FROM companies WHERE id = ? LIMIT 1","{""id"":1,""name"":""TCS Limited"",""domain"":""tcs.com"",""is_active"":1}"
PlatformAdmin,updateCompany,${API_BASE}/platform-admin/companies/:id,PUT,"{ ""Authorization"": ""Bearer <token>"", ""Content-Type"": ""application/json"" }","{""name"":""Acme Corp Updated"",""domain"":""acme.com""}","app.use(""/platform-admin"", platformAdminRoutes);","routes/platformAdmin.routes.js -> router.put(""/companies/:id"", ...)",controllers/platformAdmin.controller.js -> updateCompany(),"verifyToken, checkRole(""PlatformAdmin"")",services/platformAdmin.service.js -> updateCompany(),"UPDATE companies SET name = ?, domain = ?, updated_at = NOW() WHERE id = ?","{""message"":""Success""}"
PlatformAdmin,activateCompany,${API_BASE}/platform-admin/companies/:id/activate,POST,"{ ""Authorization"": ""Bearer <token>"", ""Content-Type"": ""application/json"" }",{},"app.use(""/platform-admin"", platformAdminRoutes);","routes/platformAdmin.routes.js -> router.post(""/companies/:id/activate"", ...)",controllers/platformAdmin.controller.js -> activateCompany(),"verifyToken, checkRole(""PlatformAdmin"")",services/platformAdmin.service.js -> activateCompany(),"UPDATE companies SET is_active = 1, updated_at = NOW() WHERE id = ?","{""id"":123}"
PlatformAdmin,countActiveCompanies,${API_BASE}/platform-admin/companies/count,GET,"{ ""Authorization"": ""Bearer <token>"" }",-,"app.use(""/platform-admin"", platformAdminRoutes);","routes/platformAdmin.routes.js -> router.get(""/companies/count"", ...)",controllers/platformAdmin.controller.js -> countActiveCompanies(),"verifyToken, checkRole(""PlatformAdmin"")",services/platformAdmin.service.js -> countActiveCompanies(),SELECT COUNT(*) AS total FROM companies WHERE is_active = 1,"{""total"":8}"
PlatformAdmin,getMyProfile,${API_BASE}/platform-admin/profile,GET,"{ ""Authorization"": ""Bearer <token>"" }",-,"app.use(""/platform-admin"", platformAdminRoutes);","routes/platformAdmin.routes.js -> router.get(""/profile"", ...)",controllers/platformAdmin.controller.js -> getMyProfile(),"verifyToken, checkRole(""PlatformAdmin"")",services/platformAdmin.service.js -> getMyProfile(),,"{""id"":2,""email"":""hr@tcs.com"",""first_name"":""Priya"",""last_name"":""Verma"",""role"":""HR""}"
PlatformAdmin,updateMyProfile,${API_BASE}/platform-admin/profile,PUT,"{ ""Authorization"": ""Bearer <token>"", ""Content-Type"": ""application/json"" }","{""first_name"":""John"",""last_name"":""Doe"",""email"":""john.doe@example.com""}","app.use(""/platform-admin"", platformAdminRoutes);","routes/platformAdmin.routes.js -> router.put(""/profile"", ...)",controllers/platformAdmin.controller.js -> updateMyProfile(),"verifyToken, checkRole(""PlatformAdmin"")",services/platformAdmin.service.js -> updateMyProfile(),"UPDATE users SET first_name = ?, last_name = ?, email = ?, updated_at = NOW() WHERE id = ?","{""message"":""Success""}"
PlatformAdmin,listUsersByRole,${API_BASE}/platform-admin/users,GET,"{ ""Authorization"": ""Bearer <token>"" }",-,"app.use(""/platform-admin"", platformAdminRoutes);","routes/platformAdmin.routes.js -> router.get(""/users"", ...)",controllers/platformAdmin.controller.js -> listUsersByRole(),"verifyToken, checkRole(""PlatformAdmin"")",services/platformAdmin.service.js -> listUsersByRole(),"SELECT id, email, first_name, last_name, role, is_active, created_at FROM users WHERE role = ? AND is_active = 1 ORDER BY last_name, first_name","[{""id"":2,""email"":""hr@tcs.com"",""first_name"":""Priya"",""last_name"":""Verma"",""role"":""HR""}]"
PlatformAdmin,createUser,${API_BASE}/platform-admin/users,POST,"{ ""Authorization"": ""Bearer <token>"", ""Content-Type"": ""application/json"" }","{""company_id"":1,""email"":""new.user@acme.com"",""password"":""Password@123"",""first_name"":""New"",""last_name"":""User"",""role"":""HR""}","app.use(""/platform-admin"", platformAdminRoutes);","routes/platformAdmin.routes.js -> router.post(""/users"", ...)",controllers/platformAdmin.controller.js -> createUser(),"verifyToken, checkRole(""PlatformAdmin"")",services/platformAdmin.service.js -> createUser(),"INSERT INTO users (company_id, email, password_hash, first_name, last_name, role, is_active, created_at, updated_at) VALUES (?, ?, ?, ?, ?, ?, 1, NOW(), NOW())","{""id"":123}"
PlatformAdmin,deactivateUser,${API_BASE}/platform-admin/users/:id,DELETE,"{ ""Authorization"": ""Bearer <token>"", ""Content-Type"": ""application/json"" }",{},"app.use(""/platform-admin"", platformAdminRoutes);","routes/platformAdmin.routes.js -> router.delete(""/users/:id"", ...)",controllers/platformAdmin.controller.js -> deactivateUser(),"verifyToken, checkRole(""PlatformAdmin"")",services/platformAdmin.service.js -> deactivateUser(),"UPDATE users SET is_active = 0, updated_at = NOW() WHERE id = ?","{""message"":""Success""}"
PlatformAdmin,getUserById,${API_BASE}/platform-admin/users/:id,GET,"{ ""Authorization"": ""Bearer <token>"" }",-,"app.use(""/platform-admin"", platformAdminRoutes);","routes/platformAdmin.routes.js -> router.get(""/users/:id"", ...)",controllers/platformAdmin.controller.js -> getUserById(),"verifyToken, checkRole(""PlatformAdmin"")",services/platformAdmin.service.js -> getUserById(),"SELECT id, company_id, email, first_name, last_name, role, is_active, last_login_at, created_at, updated_at FROM users WHERE id = ? LIMIT 1","{""id"":2,""email"":""hr@tcs.com"",""first_name"":""Priya"",""last_name"":""Verma"",""role"":""HR""}"
PlatformAdmin,updateUser,${API_BASE}/platform-admin/users/:id,PUT,"{ ""Authorization"": ""Bearer <token>"", ""Content-Type"": ""application/json"" }","{""first_name"":""New"",""last_name"":""User"",""email"":""new.user@acme.com"",""role"":""HR"",""company_id"":1}","app.use(""/platform-admin"", platformAdminRoutes);","routes/platformAdmin.routes.js -> router.put(""/users/:id"", ...)",controllers/platformAdmin.controller.js -> updateUser(),"verifyToken, checkRole(""PlatformAdmin"")",services/platformAdmin.service.js -> updateUser(),"UPDATE users SET first_name = ?, last_name = ?, email = ?, role = ?, company_id = ?, updated_at = NOW() WHERE id = ?","{""message"":""Success""}"
PlatformAdmin,activateUser,${API_BASE}/platform-admin/users/:id/activate,POST,"{ ""Authorization"": ""Bearer <token>"", ""Content-Type"": ""application/json"" }",{},"app.use(""/platform-admin"", platformAdminRoutes);","routes/platformAdmin.routes.js -> router.post(""/users/:id/activate"", ...)",controllers/platformAdmin.controller.js -> activateUser(),"verifyToken, checkRole(""PlatformAdmin"")",services/platformAdmin.service.js -> activateUser(),"UPDATE users SET is_active = 1, updated_at = NOW() WHERE id = ?","{""id"":123}"
PlatformAdmin,countUsersByRole,${API_BASE}/platform-admin/users/count,GET,"{ ""Authorization"": ""Bearer <token>"" }",-,"app.use(""/platform-admin"", platformAdminRoutes);","routes/platformAdmin.routes.js -> router.get(""/users/count"", ...)",controllers/platformAdmin.controller.js -> countUsersByRole(),"verifyToken, checkRole(""PlatformAdmin"")",services/platformAdmin.service.js -> countUsersByRole(),SELECT COUNT(*) AS total FROM users WHERE role = ? AND is_active = 1,"{""total"":8}"
